{
  "train_loss": [
    5.4776,
    4.2584,
    3.674,
    3.3895,
    3.2045,
    3.0743,
    2.944,
    2.8487,
    2.7773,
    2.7123,
    2.6538,
    2.6145,
    2.5768,
    2.5979,
    2.5595,
    2.5285,
    2.5112,
    2.4877,
    2.4536,
    2.5073,
    2.4321,
    2.4284,
    2.4627,
    2.4636
  ],
  "train_steps": [
    50,
    100,
    150,
    200,
    250,
    300,
    350,
    400,
    450,
    500,
    550,
    600,
    650,
    700,
    750,
    800,
    850,
    900,
    950,
    1000,
    1050,
    1100,
    1150,
    1200
  ],
  "train_epochs": [
    0.91324200913242,
    1.82648401826484,
    2.73972602739726,
    3.65296803652968,
    4.566210045662101,
    5.47945205479452,
    6.392694063926941,
    7.30593607305936,
    8.219178082191782,
    9.132420091324201,
    10.045662100456621,
    10.95890410958904,
    11.872146118721462,
    12.785388127853881,
    13.698630136986301,
    14.61187214611872,
    15.525114155251142,
    16.438356164383563,
    17.35159817351598,
    18.264840182648403,
    19.17808219178082,
    20.091324200913242,
    21.004566210045663,
    21.91780821917808
  ],
  "eval_loss": [
    4.884899139404297,
    3.8766419887542725,
    3.5259857177734375,
    3.3093771934509277,
    3.168154239654541,
    3.06583571434021,
    2.991332769393921,
    2.9372518062591553,
    2.8988661766052246,
    2.8699264526367188,
    2.8496575355529785,
    2.835752010345459,
    2.826432466506958,
    2.821038007736206,
    2.814145565032959,
    2.8103811740875244,
    2.8109121322631836,
    2.8094851970672607,
    2.8070461750030518,
    2.808090925216675,
    2.806938886642456,
    2.808488607406616,
    2.808797597885132,
    2.808856248855591
  ],
  "eval_steps": [
    50,
    100,
    150,
    200,
    250,
    300,
    350,
    400,
    450,
    500,
    550,
    600,
    650,
    700,
    750,
    800,
    850,
    900,
    950,
    1000,
    1050,
    1100,
    1150,
    1200
  ],
  "eval_epochs": [
    0.91324200913242,
    1.82648401826484,
    2.73972602739726,
    3.65296803652968,
    4.566210045662101,
    5.47945205479452,
    6.392694063926941,
    7.30593607305936,
    8.219178082191782,
    9.132420091324201,
    10.045662100456621,
    10.95890410958904,
    11.872146118721462,
    12.785388127853881,
    13.698630136986301,
    14.61187214611872,
    15.525114155251142,
    16.438356164383563,
    17.35159817351598,
    18.264840182648403,
    19.17808219178082,
    20.091324200913242,
    21.004566210045663,
    21.91780821917808
  ]
}